{
  "dataset_sizes": {
    "train": 2777,
    "val": 309,
    "test": 772
  },
  "feature_count": 19,
  "features_preview": [
    "soc",
    "soc_master",
    "soc_slave",
    "voltage",
    "voltage_master",
    "voltage_slave",
    "current",
    "current_master",
    "current_slave",
    "bms_temp"
  ],
  "baseline_linear": {
    "train": {
      "rmse": 26.64012036529723,
      "mae": 20.524512815355266,
      "mape": 199.05152762280883
    },
    "val": {
      "rmse": 28.8293646437854,
      "mae": 22.002608240615203,
      "mape": 233.72802724803373
    },
    "test": {
      "rmse": 27.638384279245255,
      "mae": 21.4724787553975,
      "mape": 229.16476268928236
    },
    "kind": "Ridge(alpha=1.0)"
  },
  "xgb": {
    "train": {
      "rmse": 0.484781599940091,
      "mae": 0.3608349380906716,
      "mape": 3.3439592080986853
    },
    "val": {
      "rmse": 3.156572630836776,
      "mae": 1.2942588288807175,
      "mape": 18.039335725891668
    },
    "test": {
      "rmse": 3.201648485443144,
      "mae": 1.239009519701177,
      "mape": 11.419889606056145
    },
    "hyperparams": {
      "objective": "reg:squarederror",
      "eval_metric": "rmse",
      "tree_method": "hist",
      "seed": 42,
      "eta": 0.07025638963631592,
      "max_depth": 5,
      "min_child_weight": 20,
      "subsample": 0.7163671352560474,
      "colsample_bytree": 0.8060228516926858,
      "lambda": 2.5596509056760275,
      "alpha": 1.8720871400979266
    },
    "best_rounds": 2959
  },
  "success_checks": {
    "val_vs_test_rmse_ok": true,
    "xgb_beats_linear_by_20pct": true
  },
  "diagnostics": {
    "soc_band_errors_val": {
      "0-20": {
        "rmse": 6.284629390321045,
        "mae": 3.105036109685898,
        "mape": 29.385986327314527
      },
      "20-40": {
        "rmse": 2.6472014770403476,
        "mae": 1.1329219886812114,
        "mape": 23.788021292223185
      },
      "40-60": {
        "rmse": 3.451355807496416,
        "mae": 1.5535505702418666,
        "mape": 21.610242888575886
      },
      "60-80": {
        "rmse": 2.71899335766245,
        "mae": 0.9796866203768778,
        "mape": 10.643249781842645
      }
    },
    "soc_band_errors_test": {
      "0-20": {
        "rmse": 6.656907724150634,
        "mae": 1.7373527884483337,
        "mape": 6.873681496289286
      },
      "20-40": {
        "rmse": 3.52562805814426,
        "mae": 1.5474750946836862,
        "mape": 15.73546373705654
      },
      "40-60": {
        "rmse": 3.3225235479448014,
        "mae": 1.3020680009068308,
        "mape": 13.483018045889933
      },
      "60-80": {
        "rmse": 2.0699992682695787,
        "mae": 0.9325454788999928,
        "mape": 7.241305681388338
      }
    },
    "current_decile_errors_val": {
      "(6.5889999999999995, 9.962]": {
        "rmse": 6.534649968982775,
        "mae": 2.5260605658254316,
        "mape": 38.59074979191492
      },
      "(9.962, 15.786]": {
        "rmse": 1.8975784403232958,
        "mae": 1.188681802441997,
        "mape": 4.91427767372244
      },
      "(15.786, 21.45]": {
        "rmse": 1.5692605868776623,
        "mae": 0.8060153645853843,
        "mape": 7.878826213557538
      },
      "(21.45, 27.018]": {
        "rmse": 4.775510240378758,
        "mae": 2.2370033648706253,
        "mape": 60.304679441968204
      },
      "(27.018, 41.15]": {
        "rmse": 2.734357156147441,
        "mae": 1.3387802493187688,
        "mape": 7.551643584608303
      },
      "(41.15, 50.126]": {
        "rmse": 2.47038673065981,
        "mae": 1.5053378522396088,
        "mape": 9.465956310432738
      },
      "(50.126, 54.266]": {
        "rmse": 1.8047146010878077,
        "mae": 0.9203837840787826,
        "mape": 4.283315920838316
      },
      "(54.266, 55.074]": {
        "rmse": 3.025899680871916,
        "mae": 1.2948860353039158,
        "mape": 36.00409316914444
      },
      "(55.074, 55.916]": {
        "rmse": 1.1019288017986721,
        "mae": 0.5842845670638546,
        "mape": 5.3657212838815855
      },
      "(55.916, 95.07]": {
        "rmse": 0.85883259027062,
        "mae": 0.5479637038323187,
        "mape": 5.757533242543121
      }
    },
    "current_decile_errors_test": {
      "(6.079, 10.931]": {
        "rmse": 3.4953444758448735,
        "mae": 1.6733325169636653,
        "mape": 7.170817365420579
      },
      "(10.931, 16.262]": {
        "rmse": 4.772272590775407,
        "mae": 1.4891932939554189,
        "mape": 7.190488726349573
      },
      "(16.262, 21.903]": {
        "rmse": 4.0742276670630115,
        "mae": 1.3975372113190687,
        "mape": 19.31839089393591
      },
      "(21.903, 28.018]": {
        "rmse": 3.0566771522189256,
        "mae": 1.4623376254911546,
        "mape": 8.069074458326801
      },
      "(28.018, 40.69]": {
        "rmse": 3.689548143026373,
        "mae": 1.4091698612485613,
        "mape": 16.21558032958725
      },
      "(40.69, 48.526]": {
        "rmse": 3.5945720707157713,
        "mae": 1.4957815640932555,
        "mape": 23.237606701159013
      },
      "(48.526, 54.21]": {
        "rmse": 1.7102907306970945,
        "mae": 0.9247237627322857,
        "mape": 3.165679263333966
      },
      "(54.21, 54.99]": {
        "rmse": 2.511121908749966,
        "mae": 0.8555700450371473,
        "mape": 5.941393709271081
      },
      "(54.99, 56.024]": {
        "rmse": 1.6892183193026082,
        "mae": 0.7211358880996704,
        "mape": 14.818705617275299
      },
      "(56.024, 95.14]": {
        "rmse": 1.7251290017739147,
        "mae": 0.9549717750304785,
        "mape": 9.4189556768345
      }
    }
  },
  "top_importances_gain": [
    {
      "feature": "km",
      "gain": 1097.5723876953125
    },
    {
      "feature": "soc_delta_to_full",
      "gain": 946.9297485351562
    },
    {
      "feature": "voltage_master",
      "gain": 616.2753295898438
    },
    {
      "feature": "voltage_slave",
      "gain": 608.0867919921875
    },
    {
      "feature": "voltage",
      "gain": 472.4398193359375
    },
    {
      "feature": "soc_master",
      "gain": 402.26336669921875
    },
    {
      "feature": "soc",
      "gain": 384.5970764160156
    },
    {
      "feature": "bms_temp",
      "gain": 357.5021667480469
    },
    {
      "feature": "temp_rise_rate",
      "gain": 345.5878601074219
    },
    {
      "feature": "current_slave",
      "gain": 292.187744140625
    },
    {
      "feature": "current",
      "gain": 236.26124572753906
    },
    {
      "feature": "power_kw",
      "gain": 232.98745727539062
    },
    {
      "feature": "current_master",
      "gain": 185.34060668945312
    },
    {
      "feature": "soc_slave",
      "gain": 183.9300994873047
    },
    {
      "feature": "charge_limit",
      "gain": 150.47451782226562
    },
    {
      "feature": "elapsed_min",
      "gain": 145.2544708251953
    },
    {
      "feature": "pack_delta",
      "gain": 111.40556335449219
    },
    {
      "feature": "soc_rate_per_min",
      "gain": 26.071794509887695
    }
  ],
  "seed": 42
}